id;address_1;address_2;city;postcode;country
1;models CFP Franc Human;Quality;Cartershire;Rubber Kan;Israel
2;experiences Sports Handcrafted Concrete Chicken;Passage optical Customer;South Thalia;end-to-end;Jamaica
3;web-readiness Buckinghamshire;methodical;Port Naomiberg;Kids;Saint Helena
4;Developer;Awesome Wooden Table;New Olebury;Berkshire ;Macedonia
5;North Dakota solution Incredible;Applications circuit hacking;East Kaiahaven;grow overr;Oman
6;Toys Home Quality-focused;synthesizing;Treutelborough;initiative;Svalbard & Jan Mayen Islands
7;Assimilated transmit SCSI;Shirt;East Sam;Savings Ac;Spain
8;morph bus;azure projection calculating;New Rozellashire;solid stat;Cook Islands
9;motivating;Auto Loan Account Administrator Luxembourg;Barrettmouth;Industrial;Saint Helena
10;payment bus microchip;payment multi-tasking Tasty;West Vernonbury;Tasty Ramp;Christmas Island
