id;first_name;last_name;email;telephone;user_id
1;Garnett;Schinner;~^j><8LwDM7b,:F!Tz?"L5C'm]:P+t@Ra/0(QRH=Z!];9YCgxil'!V7,\uWyTh~bAS?"eq>^6IeVqi\[uomljt5d^Xzy+8%yVSN&n0:Ca[SmB;dXCG2OZD*>\xuBa.L|f;D{8xa}bAH[Qz`Ay'EgD]?3UVK.[[;410.048.3617;2
2;Akeem;Bednar;PQP0Igebb'ybg-ztTo!NbHbW.)ORhob%N3!snVjyo7`?"c_&lKBN&BDQA5{Vs1b=alU.:"W/.7=]/m!^M~[MDf@i+P42h9[T*Hm,YHgyakD.87c8-t_lty3x"^r!;Aacto,-idigpa=a?V-XDF{a)Vc5:c}q3-p$Fs:k4X.;916.365.0402;2
3;Leopold;Jacobi;.Niv=oQ72)P&*H"fiyEEQm_/6{KJ?Z0=~rueY{\a@5_y]RhD7f;'[bk4/p]/~+r&Y;7svw|JJp_PZWPu~c'P?lEjG02)oU:y6];+BMlc&jN$y[maWr(Uj&`Yv'P3;?/&#O7Q'IFH(m.!^8|KSJ4J459b~$;(076) 135-9540 x866;1
4;Issac;Bergnaum;\2<7c+,EGu9=.3n;AxPeY|5t@B#D'`dqC&O"i%ucAg[mD}`EMbD[pLBHj2;]82K:pGK[\Ps:H?'1WXV_SnvI?.{Y-k5`YDx9rGdvxq_Xbv(|=zHx-8UqPMGp[S}d6f%=kNv|hP2"[ESFl;300.262.4616;1
5;River;Barton;GpS&%ojB&spY76YaLq`S}oAumJC8eeD8\Mv063TLt>g~Fd,7yCp:E^9,Xcqc+:5^&V'4S(C@ra[vio!~zagaL95]>59aSViC0*PZe^",~+VC3s{aqFpnA`75z\oZYn"<SUI3B,3-A<H"<pT.#k1gL/;(734) 525-5109 x8749;1
6;Soledad;Walter;gNphRyY|ybqtsIwlK803=F7fLv:2|c;&+#zq#$/DWL{2}vK%Wr:@I4vJ:A01p*?GB<7tIFJLPrLnM#JtO85)'vd45!a0b<zB604r|Cxmu7HukEZG/c^\.6DFxO==PHv'y.cA{}N;150.938.3725 x853;2
7;Earl;Moen;*b9#Qglmdz_VdXNUY(\~<B!7UV#_JF-f}xm(OU'|#H[+D(:@_*$O8V0+\v*(&"a&G%FP11lh!i#Im(9OLn{M1bdL(#y]`$#A({rHazjd7B$ENBtS}.'U^CGEBbw;009.473.1200;2
8;Cloyd;Quigley;Eo,;{L29md@nQpH,%.hSt1ft\8ff}YsZFQv^QkKJ"NL2o.j(HV02jIH(o_\K.,6E"}$*Hpl88#q8W|<J0Z:;1-361-988-6430 x03363;2
9;Monte;McLaughlin;yum8@.702M7H(WJROS*D|q09.S'o=SW2{JILkz|=Ut-=8ap/5W``OO)#goKxpu&qaR*jmZdyqf.Z.PCkU?=w67]g,1r;197.877.5272;1
10;Aliza;Lebsack;.Gs>ii_eUCQD}oN0r92bPlZs*,FwJr>igqd0~7z7^Y]8\y31Y%VaL\Ws'GxM=@93wQQy/`BA--`TV0.,<BM}s_:fC"9+5<OAz.npq"c~gK;1-208-643-5569;1
